Workbook

Sheet Input Data
A1: No | B1: Nama OPD | C1: PNS | D1: PPPK | E1: PPPK PW | F1: Jumlah ASN | G1: Hari Kerja | H1: Total Kewajiban Hadir | I1: Jumlah Hadir | J1: Jumlah Terlambat | K1: Jumlah Pulang Cepat | L1: Jumlah Tidak Hadir | M1: Jumlah Hadir Normal
A2: 1 | B2: BKPSDM | C2: 28 | D2: 7 | F2: =C2+D2 -> 35 | G2: 20 | H2: =F2*G2 -> 700 | I2: =H2-L2 -> 669 | J2: =[1]Sheet1!$C$160 -> 165 | K2: =[1]Sheet1!$C$161 -> 47 | L2: =[1]Sheet1!$C$162 -> 31 | M2: =[1]Sheet1!$C$163 -> 486
A3: 2 | B3: Badan Kesbangpol | C3: 22 | D3: 2 | E3: 1 | F3: =C3+D3 -> 24 | G3: 20 | H3: =F3*G3 -> 480 | I3: =H3-L3 -> 456 | J3: =[2]Sheet1!$C$160 -> 159 | K3: =[2]Sheet1!$C$161 -> 33 | L3: =[2]Sheet1!$C$162 -> 24 | M3: =[2]Sheet1!$C$163 -> 283
A4: 3 | B4: BPBD | C4: =16-2 -> 14 | D4: 8 | E4: 5 | F4: =C4+D4 -> 22 | G4: 20 | H4: =F4*G4 -> 440 | I4: =H4-L4 -> 423 | J4: =[3]Sheet1!$C$160 -> 200 | K4: =[3]Sheet1!$C$161 -> 18 | L4: =[3]Sheet1!$C$162 -> 17 | M4: =[3]Sheet1!$C$163 -> 212
A5: 4 | B5: BPKPD | C5: 60 | D5: 31 | F5: =C5+D5 -> 91 | G5: 20 | H5: =F5*G5 -> 1820 | I5: =H5-L5 -> 1723 | J5: =[4]Sheet1!$C$160 -> 474 | K5: =[4]Sheet1!$C$161 -> 92 | L5: =[4]Sheet1!$C$162 -> 97 | M5: =[4]Sheet1!$C$163 -> 759
A6: 5 | B6: BAPPELITBANGDA | C6: 21 | E6: 1 | F6: =C6+D6 -> 21 | G6: 20 | H6: =F6*G6 -> 420 | I6: =H6-L6 -> 406 | J6: =[5]Sheet1!$C$160 -> 90 | K6: =[5]Sheet1!$C$161 -> 9 | L6: =[5]Sheet1!$C$162 -> 14 | M6: =[5]Sheet1!$C$163 -> 313
A7: 6 | B7: Dinas Dukcapil | C7: 29 | D7: 8 | E7: 2 | F7: =C7+D7 -> 37 | G7: 20 | H7: =F7*G7 -> 740 | I7: =H7-L7 -> 679 | J7: =[6]Sheet1!$C$160 -> 213 | K7: =[6]Sheet1!$C$161 -> 59 | L7: =[6]Sheet1!$C$162 -> 61 | M7: =[6]Sheet1!$C$163 -> 413
A8: 7 | B8: Dinas Kesehatan | C8: 59 | D8: 7 | E8: 4 | F8: =C8+D8 -> 66 | G8: 20 | H8: =F8*G8 -> 1320 | I8: =H8-L8 -> 1266 | J8: =[7]Sheet1!$C$160 -> 493 | K8: =[7]Sheet1!$C$161 -> 78 | L8: =[7]Sheet1!$C$162 -> 54 | M8: =[7]Sheet1!$C$163 -> 480
A9: 8 | B9: Dinas Kominfosan | C9: 25 | D9: 2 | E9: 1 | F9: =C9+D9 -> 27 | G9: 20 | H9: =F9*G9 -> 540 | I9: =H9-L9 -> 513 | J9: =[8]Sheet1!$C$160 -> 177 | K9: =[8]Sheet1!$C$161 -> 60 | L9: =[8]Sheet1!$C$162 -> 27 | M9: =[8]Sheet1!$C$163 -> 287
A10: 9 | B10: Dinas PRKP | C10: 25 | D10: 7 | F10: =C10+D10 -> 32 | G10: 20 | H10: =F10*G10 -> 640 | I10: =H10-L10 -> 607 | J10: =[10]Sheet1!$C$160 -> 372 | K10: =[10]Sheet1!$C$161 -> 53 | L10: =[10]Sheet1!$C$162 -> 33 | M10: =[10]Sheet1!$C$163 -> 202
A11: 10 | B11: Dinas Koperasi, UKM, Perindag | C11: 29 | D11: 3 | E11: 2 | F11: =C11+D11 -> 32 | G11: 20 | H11: =F11*G11 -> 640 | I11: =H11-L11 -> 581 | J11: =[9]Sheet1!$C$160 -> 181 | K11: =[9]Sheet1!$C$161 -> 39 | L11: =[9]Sheet1!$C$162 -> 59 | M11: =[9]Sheet1!$C$163 -> 265
A12: 11 | B12: Dinas PM & PTSP | C12: 11 | E12: 7 | F12: =C12+D12 -> 11 | G12: 20 | H12: =F12*G12 -> 220 | I12: =H12-L12 -> 203 | J12: =[11]Sheet1!$C$160 -> 33 | K12: =[11]Sheet1!$C$161 -> 7 | L12: =[11]Sheet1!$C$162 -> 17 | M12: =[11]Sheet1!$C$163 -> 168
A13: 12 | B13: Disnakertrans | C13: 18 | D13: 2 | E13: 0 | F13: =C13+D13 -> 20 | G13: 20 | H13: =F13*G13 -> 400 | I13: =H13-L13 -> 356 | J13: =[12]Sheet1!$C$160 -> 151 | K13: =[12]Sheet1!$C$161 -> 26 | L13: =[12]Sheet1!$C$162 -> 44 | M13: =[12]Sheet1!$C$163 -> 194
A14: 13 | B14: Dinas Lingkungan Hidup | C14: 41 | D14: 43 | E14: 32 | F14: =C14+D14 -> 84 | G14: 20 | H14: =F14*G14 -> 1680 | I14: =H14-L14 -> 1665 | J14: =[13]Sheet1!$C$160 -> 129 | K14: =[13]Sheet1!$C$161 -> 69 | L14: =[13]Sheet1!$C$162 -> 15 | M14: =[13]Sheet1!$C$163 -> 1477
A15: 14 | B15: Dinas Parpora | C15: 33 | D15: 2 | E15: 29 | F15: =C15+D15 -> 35 | G15: 20 | H15: =F15*G15 -> 700 | I15: =H15-L15 -> 603 | J15: =[15]Sheet1!$C$160 -> 230 | K15: =[15]Sheet1!$C$161 -> 68 | L15: =[15]Sheet1!$C$162 -> 97 | M15: =[15]Sheet1!$C$163 -> 350
A16: 15 | B16: Dinas PUTR | C16: 70 | D16: 6 | E16: 8 | F16: =C16+D16 -> 76 | G16: 20 | H16: =F16*G16 -> 1520 | I16: =H16-L16 -> 1349 | J16: =[14]Sheet1!$C$160 -> 546 | K16: =[14]Sheet1!$C$161 -> 165 | L16: =[14]Sheet1!$C$162 -> 171 | M16: =[14]Sheet1!$C$163 -> 364
A17: 16 | B17: Dinas PML | C17: 17 | D17: 4 | F17: =C17+D17 -> 21 | G17: 20 | H17: =F17*G17 -> 420 | I17: =H17-L17 -> 364 | J17: =[16]Sheet1!$C$160 -> 131 | K17: =[16]Sheet1!$C$161 -> 44 | L17: =[16]Sheet1!$C$162 -> 56 | M17: =[16]Sheet1!$C$163 -> 197
A18: 17 | B18: Dinas P3AP2KB | C18: 28 | D18: 14 | E18: 1 | F18: =C18+D18 -> 42 | G18: 20 | H18: =F18*G18 -> 840 | I18: =H18-L18 -> 812 | J18: =[17]Sheet1!$C$160 -> 202 | K18: =[17]Sheet1!$C$161 -> 33 | L18: =[17]Sheet1!$C$162 -> 28 | M18: =[17]Sheet1!$C$163 -> 511
A19: 18 | B19: Dinas Pendidikan & Kebudayaan | C19: 65 | D19: 3 | E19: 9 | F19: =C19+D19 -> 68 | G19: 20 | H19: =F19*G19 -> 1360 | I19: =H19-L19 -> 1114 | J19: =[18]Sheet1!$C$160 -> 421 | K19: =[18]Sheet1!$C$161 -> 127 | L19: =[18]Sheet1!$C$162 -> 246 | M19: =[18]Sheet1!$C$163 -> 374
A20: 19 | B20: Dinas Perhubungan | C20: 38 | D20: 7 | E20: 16 | F20: =C20+D20 -> 45 | G20: 20 | H20: =F20*G20 -> 900 | I20: =H20-L20 -> 786 | J20: =[20]Sheet1!$C$160 -> 295 | K20: =[20]Sheet1!$C$161 -> 108 | L20: =[20]Sheet1!$C$162 -> 114 | M20: =[20]Sheet1!$C$163 -> 358
A21: 20 | B21: Dinas Perpustakaan dan Kearsipan | C21: =16+1 -> 17 | E21: 3 | F21: =C21+D21 -> 17 | G21: 20 | H21: =F21*G21 -> 340 | I21: =H21-L21 -> 320 | J21: =[19]Sheet1!$C$160 -> 92 | K21: =[19]Sheet1!$C$161 -> 24 | L21: =[19]Sheet1!$C$162 -> 20 | M21: =[19]Sheet1!$C$163 -> 212
A22: 21 | B22: Dinas Pertanian, Ketapang dan Perikanan | C22: =51-1 -> 50 | D22: 8 | E22: 6 | F22: =C22+D22 -> 58 | G22: 20 | H22: =F22*G22 -> 1160 | I22: =H22-L22 -> 1058 | J22: =[21]Sheet1!$C$160 -> 323 | K22: =[21]Sheet1!$C$161 -> 150 | L22: =[21]Sheet1!$C$162 -> 102 | M22: =[21]Sheet1!$C$163 -> 385
A23: 22 | B23: Dinas Sosial | C23: =23-1 -> 22 | D23: 1 | F23: =C23+D23 -> 23 | G23: 20 | H23: =F23*G23 -> 460 | I23: =H23-L23 -> 440 | J23: =[22]Sheet1!$C$160 -> 98 | K23: =[22]Sheet1!$C$161 -> 8 | L23: =[22]Sheet1!$C$162 -> 20 | M23: =[22]Sheet1!$C$163 -> 340
A24: 23 | B24: Inspektorat | C24: 65 | D24: 1 | E24: 1 | F24: =C24+D24 -> 66 | G24: 20 | H24: =F24*G24 -> 1320 | I24: =H24-L24 -> 1292 | J24: =[23]Sheet1!$C$160 -> 11 | K24: =[23]Sheet1!$C$161 -> 8 | L24: =[23]Sheet1!$C$162 -> 28 | M24: =[23]Sheet1!$C$163 -> 1262
A25: 24 | B25: Satpol PP dan Damkar | C25: 51 | D25: 50 | E25: 5 | F25: =C25+D25 -> 101 | G25: 20 | H25: =F25*G25 -> 2020 | I25: =H25-L25 -> 1846 | J25: =[24]Sheet1!$C$160 -> 606 | K25: =[24]Sheet1!$C$161 -> 194 | L25: =[24]Sheet1!$C$162 -> 174 | M25: =[24]Sheet1!$C$163 -> 717
A26: 25 | B26: Sekretariat DPRD | C26: 31 | D26: 11 | E26: 9 | F26: =C26+D26 -> 42 | G26: 20 | H26: =F26*G26 -> 840 | I26: =H26-L26 -> 648 | J26: =[25]Sheet1!$C$160 -> 342 | K26: =[25]Sheet1!$C$161 -> 75 | L26: =[25]Sheet1!$C$162 -> 192 | M26: =[25]Sheet1!$C$163 -> 246
A27: 26 | B27: Sekretariat Daerah | C27: 123 | D27: 28 | E27: 16 | F27: =C27+D27 -> 151 | G27: 20 | H27: =F27*G27 -> 3020 | I27: =H27-L27 -> 2565 | J27: =[26]Sheet1!$C$160 -> 699 | K27: =[26]Sheet1!$C$161 -> 219 | L27: =[26]Sheet1!$C$162 -> 455 | M27: =[26]Sheet1!$C$163 -> 586

Sheet Perhitungan
A1: Nama OPD | B1: Persentase Kehadiran | C1: Total Pelanggaran Jam Kerja | D1: Persentase Pelanggaran Jam Kerja | E1: Persentase Kehadiran Efektif | F1: Nilai Kepatuhan Jam Kerja | G1: Persentase Ketidakhadiran | H1: Nilai Ketidakhadiran | I1: Skor Kehadiran (25%) | J1: Skor Kepatuhan Jam Kerja (20%) | K1: Skor Ketidakhadiran (15%) | L1: Skor Hadir Efektif (40%) | M1: Total Skor | N1: Kategori | P1: skor website
A2: BKPSDM | B2: =('Input Data'!I2/'Input Data'!H2)*100 -> 95.571429 | C2: ='Input Data'!J2+'Input Data'!K2 -> 212 | D2: =(C2/'Input Data'!H2)*100 -> 30.285714 | E2: =('Input Data'!M2/'Input Data'!H2)*100 -> 69.428571 | F2: =100-D2 -> 69.714286 | G2: =('Input Data'!L2/'Input Data'!H2)*100 -> 4.4285714 | H2: =100-G2 -> 95.571429 | I2: =B2*0.25 -> 23.892857 | J2: =F2*0.2 -> 13.942857 | K2: =H2*0.15 -> 14.335714 | L2: =E2*0.4 -> 27.771429 | M2: =SUM(I2:L2) -> 79.942857 | N2: =IF(M2>=90,"Sangat Disiplin",IF(M2>=80,"Disiplin",IF(M2>=70,"Cukup","Perlu Pembinaan"))) -> Cukup | P2: 79.94
A3: Badan Kesbangpol | B3: =('Input Data'!I3/'Input Data'!H3)*100 -> 95 | C3: ='Input Data'!J3+'Input Data'!K3 -> 192 | D3: =(C3/'Input Data'!H3)*100 -> 40 | E3: =('Input Data'!M3/'Input Data'!H3)*100 -> 58.958333 | F3: =100-D3 -> 60 | G3: =('Input Data'!L3/'Input Data'!H3)*100 -> 5 | H3: =100-G3 -> 95 | I3: =B3*0.25 -> 23.75 | J3: =F3*0.2 -> 12 | K3: =H3*0.15 -> 14.25 | L3: =E3*0.4 -> 23.583333 | M3: =SUM(I3:L3) -> 73.583333 | N3: =IF(M3>=90,"Sangat Disiplin",IF(M3>=80,"Disiplin",IF(M3>=70,"Cukup","Perlu Pembinaan"))) -> Cukup | P3: 74.29
A4: BPBD | B4: =('Input Data'!I4/'Input Data'!H4)*100 -> 96.136364 | C4: ='Input Data'!J4+'Input Data'!K4 -> 218 | D4: =(C4/'Input Data'!H4)*100 -> 49.545455 | E4: =('Input Data'!M4/'Input Data'!H4)*100 -> 48.181818 | F4: =100-D4 -> 50.454545 | G4: =('Input Data'!L4/'Input Data'!H4)*100 -> 3.8636364 | H4: =100-G4 -> 96.136364 | I4: =B4*0.25 -> 24.034091 | J4: =F4*0.2 -> 10.090909 | K4: =H4*0.15 -> 14.420455 | L4: =E4*0.4 -> 19.272727 | M4: =SUM(I4:L4) -> 67.818182 | N4: =IF(M4>=90,"Sangat Disiplin",IF(M4>=80,"Disiplin",IF(M4>=70,"Cukup","Perlu Pembinaan"))) -> Perlu Pembinaan | P4: 68.23
A5: BPKPD | B5: =('Input Data'!I5/'Input Data'!H5)*100 -> 94.67033 | C5: ='Input Data'!J5+'Input Data'!K5 -> 566 | D5: =(C5/'Input Data'!H5)*100 -> 31.098901 | E5: =('Input Data'!M5/'Input Data'!H5)*100 -> 41.703297 | F5: =100-D5 -> 68.901099 | G5: =('Input Data'!L5/'Input Data'!H5)*100 -> 5.3296703 | H5: =100-G5 -> 94.67033 | I5: =B5*0.25 -> 23.667582 | J5: =F5*0.2 -> 13.78022 | K5: =H5*0.15 -> 14.200549 | L5: =E5*0.4 -> 16.681319 | M5: =SUM(I5:L5) -> 68.32967 | N5: =IF(M5>=90,"Sangat Disiplin",IF(M5>=80,"Disiplin",IF(M5>=70,"Cukup","Perlu Pembinaan"))) -> Perlu Pembinaan | P5: 77.91
A6: BAPPELITBANGDA | B6: =('Input Data'!I6/'Input Data'!H6)*100 -> 96.666667 | C6: ='Input Data'!J6+'Input Data'!K6 -> 99 | D6: =(C6/'Input Data'!H6)*100 -> 23.571429 | E6: =('Input Data'!M6/'Input Data'!H6)*100 -> 74.52381 | F6: =100-D6 -> 76.428571 | G6: =('Input Data'!L6/'Input Data'!H6)*100 -> 3.3333333 | H6: =100-G6 -> 96.666667 | I6: =B6*0.25 -> 24.166667 | J6: =F6*0.2 -> 15.285714 | K6: =H6*0.15 -> 14.5 | L6: =E6*0.4 -> 29.809524 | M6: =SUM(I6:L6) -> 83.761905 | N6: =IF(M6>=90,"Sangat Disiplin",IF(M6>=80,"Disiplin",IF(M6>=70,"Cukup","Perlu Pembinaan"))) -> Disiplin | P6: 83.77
A7: Dinas Dukcapil | B7: =('Input Data'!I7/'Input Data'!H7)*100 -> 91.756757 | C7: ='Input Data'!J7+'Input Data'!K7 -> 272 | D7: =(C7/'Input Data'!H7)*100 -> 36.756757 | E7: =('Input Data'!M7/'Input Data'!H7)*100 -> 55.810811 | F7: =100-D7 -> 63.243243 | G7: =('Input Data'!L7/'Input Data'!H7)*100 -> 8.2432432 | H7: =100-G7 -> 91.756757 | I7: =B7*0.25 -> 22.939189 | J7: =F7*0.2 -> 12.648649 | K7: =H7*0.15 -> 13.763514 | L7: =E7*0.4 -> 22.324324 | M7: =SUM(I7:L7) -> 71.675676 | N7: =IF(M7>=90,"Sangat Disiplin",IF(M7>=80,"Disiplin",IF(M7>=70,"Cukup","Perlu Pembinaan"))) -> Cukup | P7: 73.46
A8: Dinas Kesehatan | B8: =('Input Data'!I8/'Input Data'!H8)*100 -> 95.909091 | C8: ='Input Data'!J8+'Input Data'!K8 -> 571 | D8: =(C8/'Input Data'!H8)*100 -> 43.257576 | E8: =('Input Data'!M8/'Input Data'!H8)*100 -> 36.363636 | F8: =100-D8 -> 56.742424 | G8: =('Input Data'!L8/'Input Data'!H8)*100 -> 4.0909091 | H8: =100-G8 -> 95.909091 | I8: =B8*0.25 -> 23.977273 | J8: =F8*0.2 -> 11.348485 | K8: =H8*0.15 -> 14.386364 | L8: =E8*0.4 -> 14.545455 | M8: =SUM(I8:L8) -> 64.257576 | N8: =IF(M8>=90,"Sangat Disiplin",IF(M8>=80,"Disiplin",IF(M8>=70,"Cukup","Perlu Pembinaan"))) -> Perlu Pembinaan | P8: 67.14
A9: Dinas Kominfosan | B9: =('Input Data'!I9/'Input Data'!H9)*100 -> 95 | C9: ='Input Data'!J9+'Input Data'!K9 -> 237 | D9: =(C9/'Input Data'!H9)*100 -> 43.888889 | E9: =('Input Data'!M9/'Input Data'!H9)*100 -> 53.148148 | F9: =100-D9 -> 56.111111 | G9: =('Input Data'!L9/'Input Data'!H9)*100 -> 5 | H9: =100-G9 -> 95 | I9: =B9*0.25 -> 23.75 | J9: =F9*0.2 -> 11.222222 | K9: =H9*0.15 -> 14.25 | L9: =E9*0.4 -> 21.259259 | M9: =SUM(I9:L9) -> 70.481481 | N9: =IF(M9>=90,"Sangat Disiplin",IF(M9>=80,"Disiplin",IF(M9>=70,"Cukup","Perlu Pembinaan"))) -> Cukup | P9: 71.03
A10: Dinas PRKP | B10: =('Input Data'!I10/'Input Data'!H10)*100 -> 94.84375 | C10: ='Input Data'!J10+'Input Data'!K10 -> 425 | D10: =(C10/'Input Data'!H10)*100 -> 66.40625 | E10: =('Input Data'!M10/'Input Data'!H10)*100 -> 31.5625 | F10: =100-D10 -> 33.59375 | G10: =('Input Data'!L10/'Input Data'!H10)*100 -> 5.15625 | H10: =100-G10 -> 94.84375 | I10: =B10*0.25 -> 23.710938 | J10: =F10*0.2 -> 6.71875 | K10: =H10*0.15 -> 14.226562 | L10: =E10*0.4 -> 12.625 | M10: =SUM(I10:L10) -> 57.28125 | N10: =IF(M10>=90,"Sangat Disiplin",IF(M10>=80,"Disiplin",IF(M10>=70,"Cukup","Perlu Pembinaan"))) -> Perlu Pembinaan | P10: 56.94
A11: Dinas Koperasi, UKM, Perindag | B11: =('Input Data'!I11/'Input Data'!H11)*100 -> 90.78125 | C11: ='Input Data'!J11+'Input Data'!K11 -> 220 | D11: =(C11/'Input Data'!H11)*100 -> 34.375 | E11: =('Input Data'!M11/'Input Data'!H11)*100 -> 41.40625 | F11: =100-D11 -> 65.625 | G11: =('Input Data'!L11/'Input Data'!H11)*100 -> 9.21875 | H11: =100-G11 -> 90.78125 | I11: =B11*0.25 -> 22.695312 | J11: =F11*0.2 -> 13.125 | K11: =H11*0.15 -> 13.617188 | L11: =E11*0.4 -> 16.5625 | M11: =SUM(I11:L11) -> 66 | N11: =IF(M11>=90,"Sangat Disiplin",IF(M11>=80,"Disiplin",IF(M11>=70,"Cukup","Perlu Pembinaan"))) -> Perlu Pembinaan | P11: 68.62
A12: Dinas PM & PTSP | B12: =('Input Data'!I12/'Input Data'!H12)*100 -> 92.272727 | C12: ='Input Data'!J12+'Input Data'!K12 -> 40 | D12: =(C12/'Input Data'!H12)*100 -> 18.181818 | E12: =('Input Data'!M12/'Input Data'!H12)*100 -> 76.363636 | F12: =100-D12 -> 81.818182 | G12: =('Input Data'!L12/'Input Data'!H12)*100 -> 7.7272727 | H12: =100-G12 -> 92.272727 | I12: =B12*0.25 -> 23.068182 | J12: =F12*0.2 -> 16.363636 | K12: =H12*0.15 -> 13.840909 | L12: =E12*0.4 -> 30.545455 | M12: =SUM(I12:L12) -> 83.818182 | N12: =IF(M12>=90,"Sangat Disiplin",IF(M12>=80,"Disiplin",IF(M12>=70,"Cukup","Perlu Pembinaan"))) -> Disiplin | P12: 83.81
A13: Disnakertrans | B13: =('Input Data'!I13/'Input Data'!H13)*100 -> 89 | C13: ='Input Data'!J13+'Input Data'!K13 -> 177 | D13: =(C13/'Input Data'!H13)*100 -> 44.25 | E13: =('Input Data'!M13/'Input Data'!H13)*100 -> 48.5 | F13: =100-D13 -> 55.75 | G13: =('Input Data'!L13/'Input Data'!H13)*100 -> 11 | H13: =100-G13 -> 89 | I13: =B13*0.25 -> 22.25 | J13: =F13*0.2 -> 11.15 | K13: =H13*0.15 -> 13.35 | L13: =E13*0.4 -> 19.4 | M13: =SUM(I13:L13) -> 66.15 | N13: =IF(M13>=90,"Sangat Disiplin",IF(M13>=80,"Disiplin",IF(M13>=70,"Cukup","Perlu Pembinaan"))) -> Perlu Pembinaan | P13: 66.15
... A27: Sekretariat Daerah | B27: =('Input Data'!I27/'Input Data'!H27)*100 -> 84.933775 | C27: ='Input Data'!J27+'Input Data'!K27 -> 918 | D27: =(C27/'Input Data'!H27)*100 -> 30.397351 | E27: =('Input Data'!M27/'Input Data'!H27)*100 -> 19.403974 | F27: =100-D27 -> 69.602649 | G27: =('Input Data'!L27/'Input Data'!H27)*100 -> 15.066225 | H27: =100-G27 -> 84.933775 | I27: =B27*0.25 -> 21.233444 | J27: =F27*0.2 -> 13.92053 | K27: =H27*0.15 -> 12.740066 | L27: =E27*0.4 -> 7.7615894 | M27: =SUM(I27:L27) -> 55.655629 | N27: =IF(M27>=90,"Sangat Disiplin",IF(M27>=80,"Disiplin",IF(M27>=70,"Cukup","Perlu Pembinaan"))) -> Perlu Pembinaan | P27: 70.9

Sheet Petunjuk
A1: PETUNJUK PENGGUNAAN TEMPLATE DISIPLIN OPD
A3: 1. Isi data pada sheet 'Input Data'.
A4: 2. Masukkan jumlah ASN, hari kerja, jumlah hadir, keterlambatan, pulang cepat, dan tidak hadir.
A5: 3. Sistem otomatis menghitung seluruh skor disiplin.
A7: BOBOT PENILAIAN:
A8: - Kehadiran = 60%
A9: - Kepatuhan Jam Kerja = 20%
A10: - Ketidakhadiran = 20%
A12: Kepatuhan Jam Kerja dihitung dari:
A13: Jumlah Terlambat + Jumlah Pulang Cepat
